Image,Contrast,Correlation,Energy,Homogeneity,Entropy,Mean,Standard Deviation,RMS,Variance,Smoothness,Kurtosis,Skewness,IDM,Class
1486,0.023972603,0.987612751,0.778035259,0.990595569,1.858199337,13.68652725,35.52913423,5.187866803,1133.952896,0.999999721,8.226414375,2.554143824,255,1
4123,0.140066964,0.796921764,0.795569256,0.971266107,1.952135481,8.1056633,22.1301855,5.727803553,432.0052103,0.999999529,36.20585636,4.92884701,255,0
3249,0.086747798,0.620576997,0.930107014,0.985542407,1.640281337,4.367668152,13.87373599,4.681364772,175.0901662,0.999999127,76.116047,6.977644266,255,0
1567,0.035614909,0.988122887,0.642330403,0.984974442,2.748757625,23.46993256,44.20587178,7.20049219,1697.650258,0.999999837,3.933580899,1.611914813,255,1
3746,0.122408574,0.763632793,0.813314782,0.973467154,2.015589218,7.687419891,19.80068819,6.164753577,354.6490307,0.999999504,37.90534978,4.87623464,255,0
62,0.013759785,0.406147659,0.991216183,0.997905123,0.062184443,0.213275909,4.207330899,0.600874204,17.52594365,0.999982114,951.7383114,26.91544447,219,1
3705,0.082780394,0.991073708,0.409977867,0.973362076,3.492236444,56.65657806,76.35515718,9.370493366,5113.294872,0.999999933,1.769994195,0.750233634,255,0
1605,0.01670285,0.790162884,0.943674904,0.994139924,0.820092509,2.342258453,9.301182618,2.873345836,76.93852718,0.999998371,41.95116135,5.386407414,255,1
3599,0.124747737,0.778540497,0.908520753,0.980923219,2.07771586,6.186382294,19.83958385,5.478595515,356.8553467,0.999999383,63.07634821,6.932750896,255,0
4011,0.133469912,0.732395273,0.81354482,0.972638541,1.888533618,7.357471466,19.4250559,5.887600306,337.0904257,0.999999482,37.36302166,4.830346892,255,0
195,0.040499633,0.896343144,0.966409481,0.994843016,0.238452058,1.687389374,15.9205875,1.156192364,234.2279022,0.999997739,150.372346,11.53253882,255,1
1505,0.194647444,0.917360409,0.661962879,0.974146061,1.793552446,19.04543304,41.26795564,5.290357266,1362.280158,0.9999998,8.402203512,2.227801674,255,1
1879,0.042380137,0.991693962,0.594292598,0.983356712,2.41317276,29.16810608,55.91048163,6.494910485,2618.780516,0.999999869,3.783037237,1.584525274,255,1
684,0.117837268,0.977561378,0.698185927,0.972710311,1.84195142,22.47027969,58.09420723,5.396245457,2738.654568,0.99999983,9.80743224,2.751148629,255,1
1510,0.236454256,0.965987282,0.640580958,0.957355165,2.220249693,29.49038315,66.17557983,6.531287866,3632.174551,0.999999871,6.61856432,2.194453844,255,1
2764,0.14696979,0.917537287,0.712284711,0.982239308,1.517688225,15.41222,36.71205225,4.770503659,1116.343658,0.999999752,9.565929922,2.445916708,255,1
1446,0.124969423,0.982731494,0.627547621,0.97202315,2.232026718,31.12724686,67.94501759,6.617394133,3617.556837,0.999999877,6.466685278,2.147026755,255,1
3417,0.127285653,0.792475501,0.822738512,0.973545913,1.910306764,7.543754578,21.00975574,5.886890525,400.1841918,0.999999494,44.09267889,5.409931217,255,0
584,0.078522505,0.953947197,0.724677674,0.988269051,1.442492464,14.89174652,35.8075915,4.674623175,1076.835619,0.999999744,6.454948312,2.162409565,255,1
4564,0.119136803,0.776598232,0.838132249,0.973992187,1.828893586,7.086452484,19.98618161,5.560756147,363.1577153,0.999999462,42.89142091,5.297140082,255,0
4270,0.130450404,0.776255296,0.901665492,0.979788214,2.243154406,6.605804443,20.18122482,5.910387351,375.4407626,0.999999423,56.50368249,6.563306369,255,0
672,0.025891328,0.333245286,0.990378907,0.997422593,0.063809531,0.247333527,5.179105888,0.582521898,26.68249254,0.999984577,1201.305737,30.98621933,255,1
3877,0.122469728,0.627151372,0.909972736,0.980999949,2.185562695,5.91601944,16.16477074,5.81921715,237.0388364,0.999999355,58.9883381,6.244661841,255,0
2662,0.092817392,0.966959508,0.82784356,0.983320056,1.202593309,12.06005478,42.3999893,3.62095388,1611.464439,0.999999684,18.12326972,3.879970953,255,1
3801,0.126712329,0.814722411,0.895590629,0.979769499,1.920402318,5.963512421,21.44511879,4.923427616,417.3569092,0.99999936,63.28782374,7.024153402,255,0
4018,0.136061338,0.725845026,0.810866628,0.972541162,1.899400255,7.385864258,19.43723045,5.866330131,336.973724,0.999999484,35.2922099,4.700264421,255,0
3041,0.034246575,0.549064726,0.967539833,0.993848976,0.678897806,1.457672119,8.208986078,2.125889842,63.86421593,0.999997383,140.4184866,9.88003599,255,0
3287,0.104490276,0.767570886,0.844690872,0.977653768,1.697286328,6.445110321,18.52482961,5.437944703,312.2486997,0.999999408,48.36420958,5.549441595,255,0
947,0.113701688,0.980536834,0.623847031,0.971333932,2.292340598,27.15163422,61.5041873,6.340634195,3008.805177,0.99999986,8.12809582,2.43105753,255,1
1500,0.252729024,0.969212752,0.609192757,0.951039992,2.41658568,34.58729935,71.64714451,6.615859383,4162.047834,0.99999989,5.18022084,1.894888719,255,1
3354,0.067063662,0.992267936,0.457136316,0.978735973,3.147663077,50.18257523,73.95737526,8.69098776,4860.069442,0.999999924,2.110367562,0.941767526,255,0
1936,0.204325159,0.968238985,0.461877573,0.955148221,3.335135019,37.87472916,64.3364024,8.829126869,3810.785642,0.999999899,5.192662911,1.717960779,255,1
105,0.021946857,0.472823052,0.987804038,0.997011588,0.08865641,0.307159424,5.42132109,0.77456087,29.14887069,0.999987581,934.1728981,26.97476573,255,1
932,0.12029874,0.983858068,0.624687511,0.972865987,2.182529886,31.7876091,68.99078489,6.790323652,4000.288032,0.99999988,6.482574166,2.145763251,255,1
852,0.133546355,0.915873035,0.735498749,0.983790828,1.440791796,13.68706131,34.32748887,4.581578094,990.2369038,0.999999721,8.896852702,2.466449273,255,1
2314,0.014761191,0.735352813,0.948801402,0.994381103,0.818706511,2.255489349,8.501312962,2.777717973,63.01043878,0.999998309,26.64731023,4.479030306,255,1
4206,0.139990521,0.720729549,0.880286265,0.976560539,1.986767118,6.215366364,19.14805501,5.232524034,334.2430899,0.999999386,54.02130021,6.149683628,255,0
2698,0.070985201,0.976870916,0.763728714,0.981299816,1.446301905,15.46741104,44.54683448,4.428093902,1760.628109,0.999999753,12.51240054,3.082176011,255,1
202,0.095523483,0.452684175,0.983599415,0.995156742,0.107316878,0.672100067,10.74088907,0.908675191,114.3831799,0.999994324,430.3823125,19.87953855,255,1
1976,0.041493395,0.987075732,0.634106277,0.983761033,2.875492516,24.27592087,46.38333867,6.98251556,1779.710298,0.999999843,4.146242156,1.672832132,255,1
1422,0.111331947,0.993039348,0.31879578,0.97040415,4.09499332,83.54779434,99.13974088,10.44439445,8374.770126,0.999999954,1.829313194,0.681941682,255,1
1790,0.111951137,0.981760743,0.723359954,0.980861209,1.56023647,23.9950676,62.91243037,5.136222255,3156.298297,0.999999841,8.858651911,2.635484481,255,1
4311,0.139103779,0.852721693,0.806760122,0.972282948,1.90556251,8.359283447,25.19436009,5.431685509,569.2920147,0.999999544,36.58197193,5.219532926,255,0
3331,0.08038772,0.600954217,0.942874508,0.987781898,1.422758977,3.150390625,12.66791289,3.709428627,151.3671967,0.999998789,99.69365438,8.319458136,255,0
523,0.11441261,0.92601284,0.748230415,0.984666376,1.369587908,13.04722595,33.86373857,4.430974554,967.8168448,0.999999708,9.924760455,2.607289303,255,1
4335,0.149041402,0.849082421,0.812577753,0.971085086,1.896653411,8.465774536,25.71508755,5.431277189,593.5584137,0.999999549,35.9912307,5.216972952,255,0
1082,0.148827361,0.979113447,0.643910006,0.9681606,2.198061727,30.19797897,66.65918432,6.103487173,3447.92105,0.999999874,5.928585034,2.069676864,255,1
3292,0.106332559,0.747685202,0.904513304,0.981958092,1.61374021,4.989139557,17.75287488,4.518688092,287.1310557,0.999999235,83.35284804,7.647930589,255,0
2301,0.087389922,0.971352656,0.697061505,0.976782056,1.876787767,17.99260712,44.81620382,5.133678669,1701.321858,0.999999788,9.904422643,2.654654497,255,1
4514,0.125542747,0.794587028,0.827229569,0.973248312,1.849453229,7.382587433,21.05957592,5.518257084,400.9755994,0.999999483,42.59007559,5.348662023,255,0
1713,0.203216732,0.908615731,0.669392231,0.974373197,1.744099212,18.38885117,40.22932858,5.198349875,1297.678596,0.999999793,8.065052885,2.194774382,255,1
2823,0.044940986,0.441408486,0.978961254,0.995589943,0.13358171,0.552288055,7.51608517,1.004440405,55.93872734,0.999993093,544.9485582,20.70585613,255,1
4281,0.145593811,0.714989943,0.830532892,0.973666029,1.776330591,6.850715637,19.5220105,5.305260849,340.6786566,0.999999443,41.03460229,5.179215953,255,0
3886,0.121850538,0.752499114,0.89612903,0.97961376,1.91478916,5.570949554,18.75404441,5.031616892,322.3483123,0.999999315,65.40412197,6.886353762,255,0
2656,0.077138882,0.974812102,0.751413652,0.979938329,1.508539513,15.97806931,44.62240939,4.468916958,1724.516479,0.999999761,12.05594235,2.998025751,255,1
1386,0.107807913,0.956356092,0.738433165,0.986549642,1.442041128,16.22343826,40.32271247,4.265683543,1276.339482,0.999999765,6.744046362,2.244617986,255,1
2646,0.254724193,0.971847029,0.509028092,0.955452337,3.023310683,40.91628647,75.67169291,7.795485827,4739.765704,0.999999907,4.825504677,1.770859061,255,1
4388,0.141282412,0.800640625,0.827873338,0.973496402,1.837319026,7.466106415,22.23659264,5.405806119,446.5160195,0.999999489,43.91359749,5.570555216,255,0
1524,0.036585739,0.990586617,0.626479635,0.984898636,2.320005985,25.51750946,50.8042447,6.324403755,2191.260156,0.999999851,4.162291787,1.695062524,255,1
277,0.043664384,0.930410742,0.95650442,0.993681165,0.300857607,2.433082581,20.26040007,1.513823494,384.180421,0.999998432,110.7424681,10.00812529,255,1
1731,0.039330051,0.990965496,0.599631139,0.984114774,2.365595403,27.85087585,53.71856297,6.35674052,2410.610834,0.999999863,3.80919018,1.594424594,255,1
1368,0.080150746,0.627914667,0.93128969,0.989297549,0.428981888,2.020774841,12.69739689,2.202083444,155.1005443,0.999998112,99.25479066,8.492386746,255,1
3184,0.025891328,0.904322358,0.90966164,0.99453176,0.546693249,2.836914063,14.4068145,1.911860186,186.961512,0.999998655,57.98260179,6.543412242,255,0
671,0.092786815,0.949007035,0.710568453,0.986063076,1.515338978,15.83507156,36.89138008,4.92589489,1145.033935,0.999999759,5.924780257,2.062647768,255,1
710,0.036356409,0.249801646,0.981831414,0.99535524,0.115361366,0.429130554,5.992546343,0.994319605,35.65281665,0.999991111,481.8033166,19.23195221,255,1
4006,0.117011681,0.60598368,0.901686672,0.980652114,1.945985288,5.318279266,15.57069388,5.188876311,218.3031672,0.999999283,58.48607494,6.108825878,255,0
3421,0.091923006,0.6785283,0.936052341,0.986419379,1.600234979,3.71831131,14.62509785,4.07754029,201.6254375,0.999998974,104.3715949,8.642897077,255,0
3123,0.081220952,0.681615211,0.919291453,0.985331055,1.376859852,3.904521942,14.36333772,3.95067514,187.8355984,0.999999023,98.47161006,7.939812333,255,0
2323,0.149331886,0.98195706,0.578346422,0.970283688,2.474560327,37.20125198,72.77163615,6.979698715,4175.618153,0.999999897,5.109432176,1.828717511,255,1
2111,0.030500856,0.981636442,0.773637813,0.988286665,2.002128454,13.45087433,33.46107917,5.359253193,947.7733252,0.999999716,8.082198595,2.531057059,255,1
3408,0.106164384,0.639625311,0.925414433,0.983872504,1.839676366,4.874988556,15.21047257,5.056778194,210.5988273,0.999999217,83.32369185,7.441640768,255,0
3953,0.126888148,0.757470387,0.831022353,0.973983159,1.818651261,6.704673767,19.71278665,5.020563125,340.5090743,0.999999431,51.58725733,5.76728763,255,0
3978,0.138568677,0.721109435,0.812475284,0.9720675,1.920669687,7.498046875,19.53239206,5.963609181,342.0883213,0.999999491,35.51511528,4.712173327,255,0
1435,0.025623777,0.989087759,0.678277571,0.989032305,2.412095626,19.32138443,39.50688279,6.519801095,1388.965514,0.999999803,4.615931303,1.788981623,255,1
2115,0.107555651,0.978493548,0.637902539,0.973789112,2.23769776,25.89669037,56.32732066,6.155624088,2577.549338,0.999999853,6.151905921,2.070893503,255,1
1876,0.042204318,0.988526665,0.641392844,0.984001766,2.570800522,24.95493317,49.08747738,6.891492787,2084.454527,0.999999847,4.292278832,1.724817656,255,1
2512,0.138056507,0.977324892,0.612601694,0.971708058,2.212846157,28.06711197,63.30233554,6.741885638,3363.774969,0.999999864,8.289064971,2.459477187,255,1
207,0.068256177,0.958861617,0.761111411,0.988983905,1.326914967,12.77421951,33.87145559,4.293608776,997.7814888,0.999999701,7.748721594,2.449952491,255,1
3308,0.094353902,0.639694775,0.927118662,0.984537574,1.737173005,4.676635742,14.67009142,4.873801175,195.6782654,0.999999184,76.27677193,7.043062222,255,0
3033,0.075457131,0.702910162,0.919028778,0.985665189,1.270768953,3.675830841,14.18288389,3.654211416,182.9722568,0.999998962,92.19589326,7.797935139,255,0
36,0.027366683,0.294304917,0.987431272,0.996949755,0.080793239,0.312999725,5.333804886,0.741126226,28.2791005,0.999987813,743.5631426,23.94424143,255,1
2278,0.133974437,0.993442197,0.350554574,0.970467166,3.743762792,106.2491264,113.368673,10.88873699,10961.9053,0.999999964,1.261353626,0.303424614,255,1
4458,0.201580846,0.982139598,0.383822093,0.949045961,4.871537497,64.54673386,81.51207998,11.19162323,5585.796989,0.999999941,1.849606485,0.762354576,255,0
3657,0.133905638,0.784537502,0.814726784,0.971933083,2.021302802,7.973201752,21.28242933,6.161425457,414.0298015,0.999999522,37.90535276,5.018588219,255,0
2360,0.027252018,0.983975748,0.78540258,0.990018487,1.842021645,13.0581131,34.34696659,4.824498106,975.5967604,0.999999708,8.702196255,2.652067107,255,1
2743,0.050666585,0.591662327,0.979057333,0.99552736,0.141583495,0.652248383,9.189486047,1.097911865,83.80936049,0.999994151,502.7121185,20.70913166,255,1
676,0.076412671,0.962592271,0.90827975,0.990005063,0.586313781,6.717262268,36.01711428,2.453580821,1178.129223,0.999999432,37.92866078,5.911415305,255,1
1468,0.247829012,0.965513133,0.642668801,0.957960413,2.184241836,29.95009995,67.45772218,6.506416774,3809.220139,0.999999873,6.598318936,2.197153002,255,1
2583,0.144913466,0.956253284,0.53175592,0.963790048,3.108430211,24.26072693,46.50631359,8.347415322,1902.942875,0.999999843,8.917891039,2.3727248,255,1
18,0.034284797,0.891849966,0.943477531,0.993520293,0.391112436,2.164348602,14.7191642,1.886232569,201.6031,0.999998237,83.7867747,8.339298002,255,1
2873,0.071680834,0.559851253,0.977705838,0.994061383,0.139862339,0.78768158,10.40926371,1.104728093,107.2403143,0.999995157,348.5898616,17.30771215,255,1
3861,0.123952727,0.700708992,0.908085078,0.980552742,2.189570585,6.094688416,17.57186104,5.783162952,282.2159102,0.999999374,60.70635875,6.534180638,255,0
2018,0.210020181,0.969157899,0.63240193,0.959915918,2.355881229,29.37472153,65.33914426,6.460717095,3543.374209,0.99999987,6.578503447,2.187444874,255,1
1952,0.040683097,0.594841506,0.917274081,0.991684249,0.597452801,2.0287323,9.278329633,2.52948117,77.45461303,0.99999812,87.28225987,6.799121543,255,1
14,0.011649951,0.494338883,0.984056951,0.99729592,0.137549209,0.366096497,4.474480097,0.958281808,19.78689547,0.99998958,538.3537143,18.55657283,255,1
847,0.031211778,0.476155456,0.971049208,0.995027649,0.202024698,0.680263519,6.773737572,1.302441163,45.10950739,0.999994392,289.7593623,14.58522445,255,1
1414,0.038557975,0.993851694,0.833712597,0.992053256,0.797188198,19.22786331,63.63950967,3.052276401,3327.131166,0.999999802,11.10022992,3.128186628,255,1
2149,0.109237402,0.390685074,0.950364785,0.990740693,0.37732727,1.503032684,11.44558507,2.042956722,128.9226492,0.999997462,187.9184873,11.78752151,255,1
1506,0.139180223,0.946194633,0.625044288,0.981683483,2.015024957,21.7696228,42.52002653,6.056076827,1490.900447,0.999999825,4.53070926,1.646909617,255,1
3559,0.128921539,0.742085883,0.909122413,0.980523666,2.028491018,5.955020905,18.90641128,5.420043981,324.8300335,0.999999359,64.77849457,6.9323536,255,0
4263,0.137788955,0.741247595,0.83027266,0.974211715,1.784078622,6.898845673,19.79579789,5.307581552,349.2003305,0.999999447,43.69643982,5.361084345,255,0
2193,0.135472725,0.96361206,0.536552071,0.964905219,3.045011806,25.07025909,49.12955817,8.315460354,2187.601155,0.999999848,8.818360378,2.386209622,255,1
4182,0.13224682,0.738122328,0.881521589,0.977577357,1.998351838,6.263835907,19.21612594,5.301047475,335.1351824,0.999999391,56.79678751,6.289042829,255,0
446,0.039192454,0.476476806,0.9828143,0.995605178,0.112256827,0.460121155,7.087067161,0.920086648,49.76331806,0.999991709,572.5189317,21.69418372,255,1
1280,0.119610751,0.983268969,0.640297909,0.97246703,2.223824122,29.87873077,66.6916544,6.277182688,3680.562341,0.999999872,6.507832346,2.175179933,255,1
69,0.039559381,0.337917403,0.979320572,0.994987876,0.140040721,0.523143768,6.667036055,1.083973554,44.07213389,0.999992708,430.2976435,17.98879677,255,1
1832,0.081228596,0.740640843,0.966470576,0.992003709,0.212451559,1.384838104,14.39879958,1.500284094,203.3065023,0.999997245,197.1853786,13.1781633,255,1
625,0.125099376,0.979887173,0.604695258,0.967756301,2.329219351,29.27239609,63.62882112,6.959062161,3426.289736,0.99999987,7.581180352,2.314237194,255,1
4316,0.140082253,0.812583546,0.814187953,0.973139872,1.855591628,7.711086273,22.81073104,5.384516579,467.8047288,0.999999505,39.52680362,5.294828566,255,0
1919,0.114167992,0.98579899,0.616797886,0.973475672,2.287150923,33.77667236,71.56507525,6.696632354,4023.342314,0.999999887,5.784876378,2.01866364,255,1
4342,0.132414995,0.77584754,0.896741266,0.978212687,2.297316818,6.884674072,20.27297099,6.151067906,378.434905,0.999999446,55.46351413,6.423209465,255,0
971,0.060680651,0.46343518,0.964818412,0.993777683,0.30781305,1.0730896,9.27358674,1.810364564,84.56337489,0.999996445,252.3202728,13.5632646,255,1
2374,0.132040423,0.979422336,0.628990516,0.971909463,2.134700742,28.20961761,64.8111881,6.438007444,3398.137828,0.999999865,8.020443239,2.437629393,255,1
2679,0.162518346,0.921452138,0.690668377,0.980213666,1.639515323,17.0489006,39.16890918,5.011328944,1249.095385,0.999999776,9.783337754,2.437181046,255,1
2563,0.180795927,0.912820286,0.679224634,0.978343773,1.696746414,17.63967133,39.31034178,5.140767057,1246.494736,0.999999784,8.914270375,2.306241423,255,1
3243,0.096616622,0.748124663,0.902849836,0.982516419,1.545899133,4.69997406,16.96206977,4.337658129,264.1210021,0.999999188,87.00083842,7.740839024,255,0
1068,0.02881146,0.991279955,0.611903619,0.987040958,2.688676975,26.16592407,45.89816527,7.808764253,1903.693055,0.999999854,3.285680053,1.396591663,255,1
2255,0.200885213,0.988592282,0.31287589,0.957409485,4.075319075,90.93057251,104.2248857,10.68325502,9332.729832,0.999999958,1.550997083,0.540823209,255,1
3959,0.123945083,0.708383876,0.8987636,0.980089578,1.923187712,5.572406769,17.7075183,5.156593297,287.0414574,0.999999315,63.12126874,6.641237774,255,0
1804,0.033833782,0.988517772,0.652475039,0.986352014,2.477089418,22.96704102,43.89071492,6.875356906,1656.894359,0.999999834,3.850605953,1.608469541,255,1
1394,0.103175453,0.969142783,0.701084085,0.973096404,1.833832378,18.41125107,46.80808315,5.315368731,1898.565251,0.999999793,10.58330887,2.762099668,255,1
3722,0.129127935,0.755943634,0.850018158,0.975123042,1.869289436,6.419002533,19.69238784,5.101775289,352.5754766,0.999999406,55.48399298,6.112121535,255,0
1095,0.129892368,0.928627481,0.738853604,0.982440494,1.441198558,14.09354401,36.21785295,4.391278874,1088.855106,0.999999729,10.24976936,2.643487917,255,1
1894,0.13581672,0.980276186,0.642290441,0.971424039,2.05062969,28.96346283,66.93811827,6.150137595,3520.071804,0.999999868,7.522372989,2.367591532,255,1
2189,0.102793236,0.985481087,0.610697564,0.973701752,2.375096491,31.67230988,67.11048794,6.856661065,3730.80143,0.99999988,6.297984571,2.093512445,255,1
1552,0.219560298,0.967164413,0.641022794,0.958668482,2.224684706,28.91872787,65.15016024,6.530157784,3493.814809,0.999999868,6.802531018,2.224065297,255,1
1958,0.11101853,0.98461264,0.488258489,0.964910893,3.223314697,38.99918747,67.08063178,8.05945089,3609.643151,0.999999902,4.451117098,1.598039494,255,1
858,0.082619863,0.957147415,0.691663715,0.985935889,1.605392044,17.05237198,37.9603638,5.203082355,1208.08874,0.999999776,5.474768472,1.943633389,255,1
1266,0.023513943,0.991775957,0.678720265,0.989875856,2.166009388,21.08134842,43.17595196,6.594674458,1693.634752,0.999999819,4.366371371,1.744877157,255,1
2427,0.164834577,0.980341894,0.584099135,0.968748685,2.430672884,36.97719574,73.22048277,7.03002432,4352.581369,0.999999897,5.153578367,1.849845041,255,1
1190,0.013507522,0.988476033,0.749584264,0.99378166,1.681570043,12.19756317,29.94796743,5.184681134,812.3091596,0.999999687,7.238408823,2.317314987,255,1
1857,0.11752385,0.975907828,0.5948065,0.971133951,2.500745176,27.49905396,55.86249471,6.716270449,2511.223206,0.999999861,5.709166813,1.940524839,255,1
4147,0.143376957,0.774739882,0.806969602,0.971792373,1.914241236,7.730571747,21.39194585,5.656441328,405.6493515,0.999999507,37.15628073,4.985373375,255,0
3325,0.069586289,0.99195645,0.46126781,0.978017661,3.125462442,49.85318756,73.93216524,8.62770244,4860.13957,0.999999923,2.133187859,0.953480005,255,0
4454,0.12590203,0.801116894,0.831860607,0.973744401,1.806369267,7.235347748,21.27839372,5.400294972,407.5022826,0.999999473,45.43081574,5.589117932,255,0
1480,0.009929978,0.647979286,0.970545766,0.99602304,0.671067204,1.490520477,6.44436796,2.284332374,36.66816976,0.999997441,40.15045278,5.488401947,255,1
1690,0.038848459,0.990547928,0.547651017,0.983229434,3.109576994,31.6334343,51.68270946,8.193907837,2296.572725,0.999999879,2.874308032,1.253703108,255,1
1653,0.016901602,0.636808124,0.97306183,0.995131075,0.910479217,1.835220337,7.491705868,2.846758357,50.96092917,0.999997921,75.06231196,7.035445032,255,1
816,0.17380137,0.918972212,0.647388193,0.977799739,1.882336824,19.4777565,40.04733205,5.652338981,1301.312795,0.999999804,7.147532475,2.008475291,255,1
531,0.072567576,0.943492335,0.936423895,0.991678656,0.393193831,4.370834351,29.02849655,1.935601185,768.3576424,0.999999127,61.05472138,7.513400715,255,1
158,0.067468811,0.459543595,0.985085573,0.995714728,0.10488728,0.540557861,9.099095358,0.874443005,82.2543886,0.999992943,549.8537106,22.15898111,255,1
1703,0.157748288,0.978590226,0.447649605,0.955965376,3.447460296,43.31486893,68.57482069,8.337504646,3257.60416,0.999999912,3.884936216,1.39815735,255,1
589,0.094338613,0.979820523,0.709734585,0.978771478,1.755635558,21.043396,54.9756708,5.64339405,2614.087462,0.999999819,10.02643459,2.768837005,255,1
769,0.136879281,0.97683196,0.600259647,0.968752662,2.502700575,28.64560318,61.31905905,7.147804766,3287.362367,0.999999867,7.331673304,2.258723496,255,1
746,0.228634112,0.960698184,0.544088498,0.957296162,2.866345948,30.27103424,60.5571355,7.68162872,3185.197143,0.999999874,6.81707466,2.140808063,255,1
1330,0.193837145,0.972826369,0.627853736,0.962664499,2.280968709,30.84952164,66.92832401,6.122742091,3653.967707,0.999999876,6.106601829,2.082817256,255,1
1813,0.023873227,0.736826261,0.934882493,0.992165968,0.92493376,2.680076599,9.983553772,2.983352946,86.63698022,0.999998577,36.13029541,5.000324724,255,1
1125,0.091831274,0.635640228,0.978724417,0.99429697,0.130186847,0.964775085,12.87301483,1.083704767,162.7270417,0.999996046,287.4498749,16.16881028,255,1
35,0.033168726,0.201469952,0.988661179,0.997337386,0.079784871,0.306488037,5.454322321,0.67413494,29.54449072,0.999987554,922.4617129,26.67424698,255,1
1086,0.245711534,0.959648345,0.53272827,0.955233919,2.924410606,31.62899399,62.01705138,7.529611209,3190.473179,0.999999879,6.460575303,2.070118638,255,1
3010,0.02875795,0.490738315,0.973443618,0.994681729,0.601960621,1.251140594,7.321434669,1.954016006,50.69043488,0.999996951,148.7055842,10.17044766,255,0
4100,0.133622798,0.662012341,0.902325336,0.978863405,2.254802373,6.241825104,17.27911319,5.90927707,271.3215109,0.999999389,56.52010806,6.228763317,255,0
2529,0.193806568,0.905268935,0.675225592,0.977083802,1.720638107,17.70854568,38.94713977,5.181158219,1225.47119,0.999999785,8.063825554,2.196874149,255,1
2304,0.135205174,0.977656336,0.582999638,0.970942647,2.418832048,29.21696854,63.10739556,7.066545403,3261.102259,0.999999869,7.961818767,2.380881597,255,1
327,0.082054183,0.980731352,0.699918934,0.978161106,1.808916314,20.79487228,52.63030866,6.112752198,2495.685136,0.999999817,10.00487659,2.713199809,255,1
4539,0.191895487,0.982100309,0.39697427,0.951417467,4.83154978,62.61540222,80.08484773,11.0744472,5387.76164,0.999999939,1.894371995,0.786680878,255,0
2397,0.055826504,0.603591423,0.967385109,0.993110625,0.252145126,1.003829956,10.02509253,1.457806057,98.58035041,0.9999962,293.7688925,15.14680349,255,1
3297,0.103091365,0.768881726,0.839274139,0.977558437,1.723801228,6.473999023,18.41664799,5.473872153,308.0157709,0.999999411,47.74648828,5.478294762,255,0
4306,0.1384693,0.733239068,0.898968236,0.978985619,2.254875025,6.534317017,19.22054974,6.006950615,341.1300802,0.999999416,58.06025579,6.506462758,255,0
4118,0.128027153,0.663609486,0.896883495,0.979827209,1.96852883,5.55122757,17.05244033,5.243282466,265.2722769,0.999999313,66.13372107,6.654447986,255,0
1350,0.025707864,0.98988934,0.67214442,0.988521091,2.178516681,20.34025955,41.57755693,6.630698126,1569.522374,0.999999812,4.419773337,1.754528673,255,1
2390,0.133141206,0.978216875,0.639527111,0.97275493,2.053963526,27.1161232,63.3380511,6.288735784,3266.047432,0.999999859,8.418825532,2.499063231,255,1
3323,0.102984344,0.734385291,0.896905527,0.981210063,1.655246089,5.052547455,17.1847722,4.617810144,267.2710769,0.999999245,85.0843346,7.567435524,255,0
1205,0.340455296,0.956274799,0.548274997,0.938604951,2.944931354,36.03059006,69.53324078,7.522881874,4059.313893,0.999999894,5.004140057,1.818178174,255,1
3561,0.101921783,0.689460653,0.927001362,0.984778475,1.757272461,4.247196198,15.67260235,4.427084603,229.8206528,0.999999102,94.49236422,8.194967479,255,0
839,0.167838796,0.97693991,0.623003037,0.964930468,2.322156934,31.34063721,67.28436237,6.56546811,3616.39441,0.999999878,6.057650398,2.066095726,255,1
1537,0.120237586,0.981501037,0.657938323,0.972411268,2.135241154,27.97525024,63.55166307,5.78695035,3189.178235,0.999999864,6.41278002,2.166246852,255,1
785,0,,1,1,0,0,0,0,0,0,,,0,1
4096,0.127851333,0.792583818,0.820492171,0.973902885,1.827592041,6.995380402,20.97931737,4.798160411,382.6079252,0.999999455,47.73122306,5.656403857,255,0
2486,0.247783146,0.971747002,0.391036616,0.944059459,3.926170607,48.5588913,74.14051605,9.74276824,4786.271476,0.999999921,3.730548228,1.392441628,255,1
511,0.08650318,0.433535978,0.976096539,0.993209979,0.151141418,0.817855835,10.09451395,1.18884931,101.1205814,0.999995336,300.3686914,15.89570179,255,1
2257,0.076160409,0.976874536,0.487404123,0.980563772,3.049478466,26.11269379,47.37367979,8.362115038,1902.968343,0.999999854,9.436936552,2.3499331,255,1
4116,0.134952911,0.665040329,0.906935183,0.979334332,2.229516005,6.203975677,17.46461487,5.914041303,277.6202665,0.999999385,59.75858311,6.440508154,255,0
799,0.016335922,0.454974682,0.98356674,0.996457938,0.115255209,0.372619629,4.937144791,0.867798158,24.08174459,0.999989763,314.239601,16.40564204,255,1
3508,0.111729452,0.703762677,0.922083016,0.983021413,1.94691814,5.339683533,16.71398955,5.284807557,254.1442629,0.999999286,77.80395878,7.390555227,255,0
750,0.028360445,0.766561956,0.97057868,0.994878084,0.196641732,0.810337067,9.04597369,1.277227166,79.84410917,0.999995292,363.2143671,17.11022992,255,1
2025,0.050223214,0.990246048,0.51071042,0.979303436,3.422929166,37.71549606,56.5091403,8.890952844,2770.276862,0.999999899,2.237281174,1.017791843,255,1
3139,0.067705785,0.598869366,0.938282238,0.987692105,1.344061332,3.587284088,12.32011137,4.080488084,138.2720888,0.999998937,76.81067944,6.929576785,255,0
1340,0.084729697,0.682190308,0.969648626,0.992344245,0.190751203,1.192806244,13.20590155,1.411315925,171.9822165,0.999996802,225.5618079,14.06764256,255,1
2815,0.127537916,0.915124146,0.74098919,0.984760206,1.363390443,13.47993469,34.06807919,4.420111664,974.9888477,0.999999717,9.597713617,2.523162084,255,1
599,0.248004831,0.957243143,0.540047365,0.955849169,2.847248964,30.40540695,60.76989309,7.814611663,3288.991729,0.999999875,6.924286213,2.155698414,255,1
2133,0.033138148,0.985352649,0.65157414,0.986075353,2.476556092,20.5773735,40.09894572,6.660357623,1350.94183,0.999999815,4.160592889,1.685951032,255,1
2716,0.06743059,0.97949022,0.757501428,0.980772676,1.481609898,16.16493225,46.04286614,4.519823184,1902.637941,0.999999764,12.39727966,3.066099925,255,1
2597,0.018216426,0.460615661,0.98628645,0.997392958,0.106509598,0.3543396,5.112256131,0.739852006,25.71778855,0.999989234,524.3760898,19.82759589,255,1
587,0.025807241,0.992588327,0.599286526,0.988308642,2.541020461,27.23364258,46.96869347,7.690834922,2002.29307,0.99999986,2.934823953,1.291996901,255,1
4465,0.198943554,0.982285504,0.383049224,0.94870112,4.87479209,64.42622375,81.25534794,11.22918315,5555.872458,0.999999941,1.846441257,0.761265035,255,0
595,0.09148728,0.706614499,0.970683694,0.99252224,0.189004649,1.310256958,14.12270967,1.284951719,193.5688517,0.999997089,178.759251,12.71653901,255,1
2371,0.027420193,0.98544615,0.761979501,0.990221762,1.855824037,14.19334412,36.42002492,4.822659775,1088.813515,0.999999731,7.928321862,2.523781766,255,1
4469,0.127018102,0.737627637,0.901995505,0.978942752,2.411404814,6.788578033,18.73715089,6.473797158,327.066941,0.999999438,60.09673716,6.525301441,255,0
804,0.026311766,0.27256748,0.98013706,0.995633985,0.19407322,0.503696442,5.483688587,1.406362896,29.73800551,0.999992427,561.2323432,19.0683364,255,1
3209,0.083078523,0.595031517,0.934536241,0.986384552,1.535185081,4.088851929,13.33336204,4.484045226,161.6016281,0.999999067,75.24357499,6.931311703,255,0
4224,0.111362524,0.727143792,0.84334063,0.977889359,1.836069698,6.206813812,17.76945081,4.822783414,274.153724,0.999999385,49.04462782,5.462144068,255,0
164,0.02043328,0.357042245,0.989482333,0.99734362,0.072277503,0.261188507,4.797548401,0.670626974,22.75743844,0.999985395,813.7227897,25.06720834,255,1
2667,0.248081274,0.972824491,0.512306636,0.955286133,2.99678697,40.95363998,76.0079883,7.733823103,4742.949595,0.999999907,4.797656306,1.768798506,255,1
3488,0.116606531,0.699798633,0.917924591,0.982283454,1.93838532,5.319339752,16.90811549,5.187884937,260.1145715,0.999999283,75.88092694,7.319152645,255,0
4005,0.129663038,0.728961953,0.909534465,0.980338824,2.254016258,6.24432373,18.55099918,5.790518508,313.0648024,0.999999389,60.37652561,6.662255553,255,0
591,0.064434014,0.292942808,0.982387883,0.995150695,0.109206506,0.524219513,7.820946662,0.957653666,60.84639264,0.999992723,471.8383681,19.84369454,255,1
1425,0.142903009,0.980707307,0.590118772,0.971591013,2.4068568,34.53669357,69.16634605,6.730617179,3792.810684,0.99999989,5.614518123,1.924979107,255,1
1900,0.140930773,0.98326971,0.578006624,0.971331306,2.47756559,37.65284348,73.43974725,6.916142146,4235.31348,0.999999899,5.018570325,1.810705138,255,1
3100,0.04104238,0.570550424,0.96681827,0.993269409,0.814484262,1.720436096,9.124181398,2.450733939,78.96642347,0.999997783,132.2536322,9.750109149,255,0
2881,0.028207559,0.267108111,0.987910087,0.997087075,0.078325756,0.289592743,5.262478691,0.735985273,27.45588218,0.999986828,992.7426263,27.56487055,255,1
3745,0.084148728,0.990927326,0.406180962,0.97263217,3.541990877,57.30398178,76.55678325,9.42097444,5116.52255,0.999999933,1.74539738,0.732250613,255,0
4406,0.138125306,0.794334287,0.831887469,0.972922136,1.819199275,7.307537079,21.74209992,5.394610648,425.7706569,0.999999478,45.18698109,5.626457823,255,0
2222,0.107647383,0.81083134,0.960256956,0.990937489,0.245348762,2.086982727,19.25175454,1.568711013,355.3386508,0.999998172,129.4934493,10.89003299,255,1
2812,0,,1,1,0,0,0,0,0,0,,,0,1
2230,0.0895074,0.970892261,0.706094792,0.976951146,1.839609648,17.52898026,44.72224648,5.083266989,1661.893611,0.999999782,10.37965475,2.740664212,255,1
2775,0.087428143,0.671009259,0.973125977,0.993102289,0.167577316,1.110042572,13.22251238,1.27501907,171.9290847,0.999996563,252.0166086,14.98042765,255,1
2009,0.111821184,0.977239683,0.602385906,0.972931983,2.457336813,27.42111206,56.14235919,6.608325818,2543.280793,0.999999861,5.587827578,1.930319541,255,1
3570,0.101241438,0.699444142,0.925242458,0.984589692,1.761120343,4.305820465,15.82535988,4.461437243,234.1641514,0.999999114,92.91038889,8.13480224,255,0
2114,0.038290423,0.477832014,0.943886264,0.99283441,0.50650615,1.521030426,8.191231161,2.543027331,64.2999851,0.999997492,150.977221,8.960643879,255,1
3380,0.08729819,0.652161872,0.937814002,0.986651726,1.528495876,3.505435944,13.90988533,3.93309533,182.4281829,0.999998912,100.2635533,8.425636433,255,0
1675,0.134937622,0.94340366,0.728249107,0.981925153,1.525751588,15.51464844,40.28301983,4.608999987,1352.571975,0.999999754,12.65589002,2.93774048,255,1
3140,0.043886069,0.596695129,0.961554416,0.992249037,0.921233188,1.966384888,9.650016038,2.702941894,88.21607943,0.99999806,118.0176289,9.128606042,255,0
686,0.315702972,0.959099121,0.609776379,0.959320839,2.169943869,33.05126953,70.87097283,6.854776689,4255.506167,0.999999885,6.382459086,2.129497251,255,1
3415,0.076045744,0.991340901,0.447490944,0.976846487,3.231005999,51.46775055,74.49715073,8.829218394,4928.476145,0.999999926,2.012837984,0.898543252,255,0
4412,0.140449181,0.795278171,0.833903039,0.972803235,1.82082065,7.35585022,21.95206456,5.391343889,434.2529328,0.999999481,44.32282768,5.591062792,255,0
2976,0.047731164,0.755058908,0.898322226,0.988346591,0.900135145,3.110412598,12.66937076,3.115766181,148.8577505,0.999998774,58.16441967,6.166089808,255,0
2755,0.110078278,0.688412332,0.969496323,0.992277284,0.191377547,1.393844604,15.23265639,1.349903675,225.3738168,0.999997263,198.8552442,13.3912576,255,1
119,0.013301125,0.695030751,0.97700323,0.996791099,0.186398539,0.592720032,6.023928404,1.028843035,34.68907379,0.999993564,245.0439773,13.62033224,255,1
1284,0.151418787,0.979344074,0.649678811,0.969192547,2.149913007,30.16335678,67.30450323,6.01378205,3516.08531,0.999999874,5.982953253,2.088014801,255,1
1581,0.086159185,0.987236738,0.639660318,0.975366955,2.246721253,28.84482574,65.55172475,6.438455894,3579.582412,0.999999868,7.315222028,2.321721305,255,1
4471,0.198507828,0.982191433,0.382802913,0.948599232,4.876459572,64.25034714,81.03228727,11.20581787,5522.259525,0.999999941,1.844630892,0.7611519,255,0
2562,0.136412977,0.978065835,0.634285269,0.972359236,2.09105857,27.66561508,63.89392842,6.494631033,3459.596653,0.999999862,8.22741625,2.464569839,255,1
3836,0.128952116,0.66539742,0.907743782,0.980073802,2.173233512,5.982822418,17.10090932,5.720055564,266.8039626,0.999999362,58.97068416,6.38953541,255,0
3651,0.113464714,0.738943836,0.916491802,0.982849757,1.826084352,4.874382019,17.68738304,4.712011463,290.5491146,0.999999217,85.65210337,7.931775215,255,0
201,0.053395609,0.875946851,0.945779052,0.99258101,0.382255328,2.439994812,16.69634525,1.937113325,261.5358225,0.999998437,64.80556534,7.681650149,255,1
4525,0.130458048,0.784855176,0.86082643,0.975013073,2.069633344,7.081111908,20.83750484,5.766165942,396.4897192,0.999999461,54.06875196,6.127390639,255,0
922,0.098260152,0.958125157,0.746338922,0.990002452,1.359232328,15.42716217,38.47914575,4.303706479,1169.915128,0.999999753,6.023902975,2.173329925,255,1
4036,0.134073814,0.692692487,0.909086347,0.98030513,2.270750307,6.252944946,17.9122532,5.891982081,293.1634396,0.99999939,61.35964616,6.60324244,255,0
931,0.100721624,0.969640465,0.666378864,0.972280964,2.051720886,19.87545776,46.91891709,5.829081262,1945.152452,0.999999808,9.450873993,2.551249954,255,1
1156,0.115276419,0.970735432,0.590818546,0.969585547,2.56360117,23.5456543,51.00997287,7.469445534,2195.489979,0.999999838,10.03037731,2.599648663,255,1
1776,0.023651541,0.771857504,0.914521997,0.992445814,0.778657662,2.590637207,10.13954953,2.688306967,90.34325054,0.999998528,27.22687828,4.545693202,255,1
975,0.019607693,0.185870809,0.991375497,0.997571553,0.058108495,0.198040009,4.182708163,0.54467628,17.40246622,0.999980738,1066.637077,29.04754267,194,1
2757,0.067331213,0.980538609,0.760917908,0.981186174,1.452060268,16.48173523,47.12450737,4.517154081,2004.548904,0.999999769,11.89469317,3.021275106,255,1
159,0.038840815,0.277732449,0.987203326,0.996704623,0.087681885,0.345466614,6.119680111,0.692063523,37.12675915,0.999988958,858.8138327,26.36465553,255,1
2270,0.090799291,0.978700429,0.645391834,0.976323851,2.215590265,23.33591843,52.38047432,6.080877065,2253.138254,0.999999837,7.322658728,2.261929722,255,1
907,0.069158207,0.673578861,0.943688939,0.991253318,0.375180858,1.720397949,12.40240839,2.112420275,150.236437,0.999997783,158.2858722,10.79433674,255,1
2782,0.010098153,0.388481674,0.991672373,0.99831414,0.068667459,0.202812195,3.685946528,0.524588703,13.4436343,0.999981191,739.9928915,23.90070374,255,1
1907,0.012536693,0.634349476,0.971975401,0.995530937,0.792105328,1.752250671,7.026695485,2.76202768,43.46011977,0.999997823,45.88678272,5.669873952,255,1
635,0.119801859,0.922507283,0.735179853,0.98474028,1.432732389,13.68819427,34.08889759,4.612971852,974.0255653,0.999999721,8.598393671,2.421292757,255,1
3595,0.077307057,0.991569702,0.422442617,0.975284815,3.402908521,54.65628052,75.81317142,9.193749467,5063.903735,0.99999993,1.87917963,0.814877542,255,0
4420,0.143147627,0.786273965,0.887958948,0.976746574,2.411367768,7.445545197,21.48047449,6.43411725,427.7792997,0.999999488,51.43315274,6.234362979,255,0
1174,0.106080296,0.958010972,0.740763522,0.987266948,1.429738982,16.18177032,40.54281795,4.351911468,1321.970359,0.999999764,7.231271262,2.304933338,255,1
2602,0.024897566,0.476770124,0.990827219,0.997531529,0.071283969,0.277122498,5.703595924,0.589415118,32.28581184,0.999986235,1062.002851,29.6559178,255,1
1513,0.100584026,0.97864475,0.722727081,0.977698492,1.707398257,20.22811508,54.82917043,5.0058144,2381.110199,0.999999811,10.67207751,2.890467623,255,1
2827,0.120436338,0.915044843,0.756815038,0.985216736,1.283373579,12.55287933,33.05466563,4.201921697,921.1405901,0.999999696,10.1736598,2.635586193,255,1
3686,0.127407962,0.757035431,0.813536913,0.972387839,1.987478459,7.631755829,19.82321535,6.119550488,357.0947983,0.9999995,39.27831641,4.941858191,255,0
2969,0.044696367,0.758924836,0.898723253,0.988827965,0.868749025,3.019954681,12.40313368,3.046896377,142.701202,0.999998737,56.83021336,6.095765114,255,0
1482,0.020601455,0.790347957,0.927157785,0.992869246,0.687516534,2.319335938,9.862919964,2.379305862,84.90255254,0.999998355,33.67446427,5.077815226,255,1
3195,0.062698752,0.992826174,0.48301248,0.98059227,2.976155804,48.22815704,74.21790743,8.333914172,4915.155238,0.999999921,2.304194686,1.030873123,255,0
3871,0.126161937,0.734133887,0.900682741,0.980219186,1.903265553,5.461288452,18.45456097,5.003678928,312.0799687,0.999999302,66.53147796,6.948287035,255,0
489,0.089583843,0.981912178,0.592367543,0.973960577,2.458040218,27.94278336,55.73266588,7.30887784,2851.204622,0.999999863,5.678194539,1.900680827,255,1
2607,0.057867539,0.609789052,0.97663127,0.994801422,0.149087288,0.758106232,10.04845672,1.169213895,99.93236778,0.999994968,410.4803124,18.70696994,255,1
3881,0.137788955,0.759780718,0.838308087,0.973160393,1.85743754,6.727729797,20.4007345,5.067697789,368.3308733,0.999999433,51.71237483,5.902612838,255,0
4275,0.139944655,0.719392532,0.82716441,0.973784976,1.778647425,6.856643677,19.39670717,5.302840897,334.8376065,0.999999444,40.58808754,5.132948513,255,0
1691,0.041921477,0.991517807,0.600734988,0.982796765,2.383629663,28.63550949,55.47124033,6.338658447,2573.984361,0.999999867,3.86603805,1.609493376,255,1
24,0.026617539,0.250776213,0.986892491,0.996561856,0.089924258,0.315532684,5.150634561,0.795093664,26.41250841,0.99998791,745.2431375,23.43974576,255,1
2524,0.064403437,0.534029576,0.98356938,0.995673144,0.11658307,0.612312317,9.610389083,0.902054482,91.53421571,0.99999377,486.1483797,20.80052456,255,1
1170,0.078270242,0.971982413,0.485211899,0.981410212,3.088317918,24.43541336,44.07786582,8.922297208,1682.589977,0.999999844,11.43126041,2.588569541,255,1
336,0.261550575,0.955695567,0.631830187,0.961490658,2.111743236,27.75518036,62.05851034,6.86962924,3518.480066,0.999999863,7.735738576,2.335328094,255,1
3394,0.073668359,0.991620539,0.450723951,0.977454911,3.208520776,51.13602448,74.46687378,8.780486539,4924.40212,0.999999925,2.043031883,0.91221075,255,0
1873,0.012353229,0.627774328,0.972053715,0.995680001,0.760773697,1.710529327,6.972232539,2.700927237,43.03347476,0.99999777,46.34143376,5.701086688,255,1
2248,0.053082192,0.988153392,0.505828326,0.978094996,3.472618977,35.90779495,53.72232608,8.711360473,2357.509563,0.999999894,2.33302893,1.048660161,255,1
2542,0.019661204,0.198716459,0.993156249,0.998040537,0.050219092,0.172153473,4.138736803,0.445746664,17.03863374,0.999977842,1481.7668,34.50733541,255,1
1614,0.112440374,0.98531802,0.626303346,0.973335476,2.241669959,32.20054626,69.72073633,6.56807698,3758.521609,0.999999882,6.154043934,2.094280704,255,1
2442,0.16575954,0.980230053,0.5847156,0.968555393,2.425716463,36.98052216,73.25313644,7.060433113,4402.02547,0.999999897,5.158288154,1.850672756,255,1
87,0.035821306,0.234306965,0.984671004,0.996562343,0.102196055,0.3881073,5.890128267,0.85675011,34.40780008,0.999990171,692.4220225,22.65569003,255,1
2198,0.103909308,0.806359738,0.960017194,0.990852997,0.246111722,2.016300201,18.71532758,1.572613669,336.4738629,0.999998108,135.4339046,11.10768432,255,1
1002,0.1271557,0.982253198,0.624608051,0.971608609,2.194143424,31.29376221,67.62955385,6.748627644,3828.073979,0.999999878,6.437652354,2.127257051,255,1
537,0.025333293,0.481929214,0.975649383,0.995590922,0.217442279,0.624069214,6.264567609,1.42046774,38.61899295,0.999993887,400.8517228,16.45345794,255,1
2573,0.149920499,0.983728679,0.583544648,0.972179617,2.30201076,39.05108643,77.34523224,7.204311585,5064.914563,0.999999902,5.044519361,1.843179769,255,1
4467,0.126842282,0.808482831,0.830207626,0.973240013,1.818942473,7.342388153,21.69395715,5.408028631,423.9097776,0.99999948,44.05095108,5.53846707,255,0
214,0.062255382,0.955751493,0.772215742,0.989512851,1.202174245,11.96351242,32.44833658,4.019987942,890.6526432,0.999999681,7.962491041,2.496756772,255,1
564,0.103641756,0.974784517,0.609190822,0.968289088,2.401404033,24.3105011,51.79719722,6.423007486,2345.20068,0.999999843,7.737722183,2.257131223,255,1
2528,0.144164322,0.977517357,0.615943449,0.971104943,2.203261655,28.71519852,64.7625345,6.721921563,3546.681827,0.999999867,7.923509973,2.409569325,255,1
2966,0.053533207,0.993756411,0.525560388,0.983074637,2.721669211,45.21511459,73.59322622,7.957320419,4916.372365,0.999999916,2.473827633,1.124341909,255,0
415,0.07563295,0.909342946,0.83519538,0.989174799,0.982708849,7.016891479,24.44058428,3.096857221,524.4865981,0.999999456,19.52253514,3.849724979,255,1
140,0.013767429,0.541106711,0.977725261,0.996881966,0.163693475,0.498382568,5.162737586,1.040373973,25.90535702,0.999992346,233.030643,13.13293582,255,1
2722,0.059472847,0.98138162,0.774759919,0.982740871,1.388338032,15.43489456,45.385571,4.282719607,1848.632076,0.999999753,12.80633516,3.137233302,255,1
4442,0.134196123,0.794259617,0.833070216,0.973035463,1.80789932,7.272796631,21.51410725,5.394041974,417.3994496,0.999999475,44.99546539,5.589573409,255,0
4330,0.133798618,0.764630481,0.899433732,0.978874899,2.28171263,6.755882263,19.96641868,6.10718449,365.8382534,0.999999435,56.31430626,6.469104366,255,0
1896,0.10942851,0.993356715,0.335370323,0.971272536,3.841980474,83.75992203,101.239985,10.02693817,8320.86541,0.999999954,1.772749805,0.670633683,255,1
747,0.104666096,0.978983702,0.612939325,0.972214363,2.335186164,27.28891373,55.97915648,6.966348267,2806.556834,0.99999986,5.719443761,1.932161403,255,1
1241,0.082000673,0.664313425,0.940790248,0.989215286,0.368478619,1.836727142,13.19431173,2.028284447,169.6118255,0.999997923,131.1184301,10.00894749,255,1
3987,0.138140594,0.756039902,0.810255671,0.971844277,1.922610926,7.645645142,20.44262624,5.958191124,374.3266726,0.999999501,40.15518653,5.066734178,255,0
260,0.100400563,0.981542446,0.614598621,0.97341858,2.248201313,27.70778275,58.84867352,7.059822903,3209.546601,0.999999862,7.108562006,2.175097641,255,1
4517,0.1292426,0.704314205,0.903197906,0.97921721,2.439173744,6.633991241,17.90043927,6.513405006,298.2503867,0.999999425,61.37726052,6.509113222,255,0
3026,0.057592343,0.766091239,0.877712356,0.986255204,1.042893491,3.807022095,14.08370927,3.522825986,182.2005376,0.999998998,52.27656323,5.778274876,255,0
4139,0.142451994,0.789860538,0.803076181,0.971316477,1.930453778,7.917583466,22.03061145,5.659430285,430.3356618,0.999999518,37.04910852,5.004015309,255,0
1559,0.03091365,0.986946297,0.655372745,0.986899538,2.400219034,20.86842728,40.30059198,6.832225053,1403.504852,0.999999817,3.982905523,1.634790411,255,1
1294,0.182936338,0.91917685,0.658731623,0.975222964,1.80591161,19.09965897,40.74022606,5.373267693,1328.349182,0.9999998,7.789961855,2.133866478,255,1
4359,0.137941842,0.835950927,0.816677509,0.972208547,1.868217125,7.992511749,23.96331513,5.430220194,517.2417539,0.999999523,39.5441279,5.37013321,255,0
3321,0.075869924,0.603413571,0.943856587,0.988152325,1.386751513,3.024280548,12.37323547,3.579583465,144.3568382,0.999998739,104.8667308,8.497998734,255,0
1964,0.138194105,0.983640104,0.576578327,0.970894047,2.487749811,37.83950043,73.55528767,6.943199532,4272.221733,0.999999899,4.93969137,1.793430048,255,1
2501,0.244916524,0.969120895,0.495748238,0.953155605,3.106584582,39.01283264,70.84507754,8.120315483,4268.146026,0.999999902,5.122945535,1.796449483,255,1
1470,0.101356103,0.961608996,0.73056115,0.985977637,1.498489047,16.94770813,41.69437926,4.32111226,1370.181023,0.999999775,7.343248304,2.29434773,255,1
466,0.131994557,0.972653594,0.556024298,0.966047768,2.737586725,27.81322861,56.01038763,7.839742802,2937.22398,0.999999863,7.708430486,2.240449783,255,1
3094,0.057385947,0.99341531,0.501726533,0.98148226,2.870164766,47.0200119,74.08745462,8.16481292,4918.730468,0.999999919,2.368505396,1.06802085,255,0
3525,0.076718444,0.991534731,0.431034012,0.976154038,3.345268511,53.57871628,75.49444655,9.06354793,5031.591444,0.999999929,1.94463878,0.850366696,255,0
3835,0.138224682,0.753489746,0.802640187,0.970953017,2.020436962,7.918426514,20.42738186,6.182361415,376.780321,0.999999518,38.28739994,4.91154993,255,0
2180,0.058509662,0.988571735,0.498785499,0.976216913,3.510934319,38.12763596,56.91923008,8.799451099,2714.692929,0.9999999,2.292045696,1.033838304,255,1
3460,0.093039078,0.670064677,0.936255144,0.986339851,1.648129279,3.762435913,14.57438305,4.147770382,200.0219242,0.999998986,108.0404832,8.763770818,255,0
3489,0.116606531,0.699798633,0.917924591,0.982283454,1.93838532,5.319339752,16.90811549,5.187884937,260.1145715,0.999999283,75.88092694,7.319152645,255,0
1968,0.20890411,0.967608532,0.463888943,0.955318403,3.326751464,37.74864197,64.38356306,8.800162221,3815.164549,0.999999899,5.200575452,1.723585638,255,1
1736,0.033130504,0.991137468,0.549060558,0.98600993,2.878769972,30.51438141,48.07314679,8.14047335,1985.215629,0.999999875,2.541950519,1.127496651,255,1
3513,0.11849468,0.698951931,0.886186586,0.979191447,1.784302805,5.457157135,17.34832086,4.946257625,277.1354025,0.999999301,71.3225944,6.861318591,255,0
372,0.072674596,0.956851302,0.740976508,0.987950706,1.374628094,14.03533936,35.36496534,4.457839124,1049.723051,0.999999728,7.666791457,2.357450628,255,1
1497,0.043542074,0.993039575,0.771346068,0.9869677,1.305798086,22.00863647,63.21563331,4.319277415,3293.906596,0.999999827,9.555342469,2.810722413,255,1
4188,0.143017674,0.751115864,0.898344708,0.978138591,2.249382933,6.613399506,19.99788092,5.8254504,366.8670985,0.999999423,55.38800956,6.449594425,255,0
1308,0.025142184,0.990019481,0.674004215,0.988839923,2.159981088,20.15574265,41.37826518,6.60761726,1556.84702,0.999999811,4.453739293,1.763713331,255,1
650,0.053877202,0.285606559,0.979559564,0.994636814,0.128512164,0.55273056,7.300795124,1.056680826,52.94598315,0.999993098,375.4707845,17.40155277,255,1
906,0.107425697,0.984208955,0.715717694,0.977004911,1.648483731,25.55622101,66.00338047,4.989971123,3343.145774,0.999999851,8.204428513,2.546205016,255,1
773,0.156341732,0.978418852,0.620567438,0.966722548,2.308644539,31.51134109,67.30270142,6.655829478,3695.282015,0.999999879,6.037884255,2.056236445,255,1
435,0.097541585,0.980797143,0.593928007,0.973447715,2.439478095,28.21544647,56.59776086,7.286117175,2958.93328,0.999999865,5.846503824,1.931266216,255,1
1388,0.098313662,0.950190706,0.684797174,0.985032285,1.68122624,17.33414841,38.07295107,5.311644668,1227.325357,0.99999978,5.28750406,1.904465502,255,1
1037,0.016389432,0.826844634,0.916956816,0.993770449,0.736373242,2.511070251,9.762073939,2.658926555,83.06117229,0.999998481,26.11529897,4.425753155,255,1
3179,0.073897688,0.586064144,0.936683317,0.987071076,1.459025393,3.875072479,12.68384665,4.34437672,145.9198937,0.999999016,76.32968142,6.871950039,255,0
2237,0.143774462,0.975357531,0.580924239,0.971409533,2.436536352,28.67494965,62.07027072,7.065481574,3126.548655,0.999999867,8.229738992,2.420102499,255,1
184,0.018904415,0.566431061,0.972187754,0.996351245,0.191500955,0.631122589,6.065529268,1.190281451,35.81458226,0.999993956,284.7957924,13.65305924,255,1
4439,0.140128119,0.754226592,0.89667173,0.977792481,2.401197623,7.113632202,20.05654383,6.479969539,373.0955635,0.999999464,56.61850806,6.44616717,255,0
3431,0.093719423,0.663354954,0.936685582,0.986631072,1.61394922,3.703601837,14.47690864,4.087294686,197.346353,0.99999897,106.6490779,8.728204759,255,0
3569,0.123891573,0.74091517,0.910425981,0.981086866,2.038501075,5.932102203,18.53335436,5.460237644,310.6399807,0.999999357,67.07619779,6.999007947,255,0
4237,0.145310971,0.733780116,0.877763212,0.976388264,1.998228327,6.407989502,19.81266392,5.229539449,355.4080246,0.999999405,51.83671768,6.076324593,255,0
4231,0.136061338,0.73016607,0.879024431,0.976568784,1.983064353,6.254413605,19.14701637,5.236434786,331.7161087,0.99999939,53.94161389,6.138546158,255,0
2241,0.137536693,0.963260267,0.537716777,0.963684324,3.069653325,25.14115906,49.31034193,8.346802629,2200.668879,0.999999848,8.934685932,2.405547018,255,1
403,0.080357143,0.534003167,0.977576738,0.993556089,0.1368292,0.810676575,10.67114503,1.127483643,112.8662876,0.999995294,321.7961057,16.71365263,255,1
2591,0.146342955,0.98405666,0.587821984,0.972748851,2.264465042,38.70980835,77.1544978,7.164184069,5032.812401,0.999999901,5.095221827,1.85629398,255,1
3088,0.057508256,0.597921114,0.934618135,0.988332549,1.193042617,3.221675873,11.52279447,3.735301839,121.0825103,0.999998816,70.14199247,6.59482564,255,0
4098,0.14288772,0.774765782,0.803662827,0.97112951,1.933821022,7.91110611,21.40780919,5.85092205,406.3220757,0.999999518,39.30855047,5.075076699,255,0
222,0.054297639,0.896833704,0.896352045,0.992668724,0.63343853,4.321929932,19.32071051,2.211074667,337.274565,0.999999117,29.90973249,4.921728952,255,1
1106,0.009333721,0.667522541,0.975839858,0.996539032,0.497671991,1.205162048,6.203996335,1.826703672,34.49528359,0.999996835,59.35097511,6.673210991,255,1
546,0.024026113,0.825605109,0.954635834,0.995173728,0.302815812,1.206253052,9.93456418,1.656359492,95.56794457,0.999996838,257.3369149,13.72994382,255,1
411,0.030042197,0.643255392,0.957021548,0.995332853,0.271674145,1.029117584,8.226239,1.477178872,64.86958875,0.999996293,227.7083872,12.28687567,255,1
3644,0.077093016,0.991609935,0.416475907,0.974678238,3.473112523,55.34585571,75.95741699,9.276921565,5085.611685,0.999999931,1.838691144,0.793089116,255,0
642,0.023246392,0.294676676,0.991002515,0.997572117,0.060037334,0.22693634,4.847532528,0.559877941,23.36984555,0.999983191,1258.915544,31.41670327,255,1
3784,0.039131299,0.863830628,0.886916371,0.992103804,0.671352985,3.549072266,15.32479635,2.187828277,202.8849264,0.999998925,28.80510087,4.800719177,255,0
1727,0.117294521,0.966104538,0.685957036,0.971465182,1.924107786,19.31156158,47.67404307,5.359819293,1903.387459,0.999999802,10.14761787,2.686181737,255,1
1604,0.106080296,0.965836259,0.678947631,0.972276022,1.97846705,18.87345886,45.26384226,5.484837025,1732.52189,0.999999798,8.993858027,2.512317021,255,1
4060,0.139012047,0.714952894,0.903195527,0.979132595,2.2693039,6.425201416,18.75467668,5.911750413,321.4424905,0.999999406,59.21141606,6.563852252,255,0
131,0.044619924,0.385026709,0.977739519,0.994191628,0.145113723,0.592723846,7.304951261,1.106066877,52.91159078,0.999993564,364.9610517,16.74191703,255,1
1988,0.109206825,0.99333341,0.342057623,0.972026849,3.752577442,82.54220581,101.1997922,9.898121396,8254.2904,0.999999954,1.814749513,0.700531706,255,1
2096,0.103634112,0.793244581,0.960308526,0.990949756,0.249948893,1.937725067,18.10608505,1.607211083,317.0445344,0.999998031,141.9015436,11.33457728,255,1
618,0.126826994,0.979411885,0.639957316,0.971840801,2.138377379,27.91597366,62.6380162,6.637483946,3525.894055,0.999999863,7.40116054,2.293217683,255,1
1883,0.034628792,0.983064855,0.78067192,0.987939995,2.035565178,14.15319824,36.51234037,5.410073599,1171.705565,0.99999973,8.932585003,2.668191391,255,1
213,0.021648728,0.334377183,0.989111117,0.997015437,0.073513895,0.249176025,4.83738628,0.745836216,23.32781921,0.999984691,1160.793055,29.73922254,255,1
1052,0.032633623,0.557296229,0.97207824,0.994584533,0.195949142,0.681976318,7.269029833,1.273105664,51.94389452,0.999994406,344.3555824,16.1836734,255,1
1287,0.040430834,0.992845374,0.861117755,0.993802063,0.628948448,16.63905334,60.55423176,2.333088921,2912.751958,0.999999771,13.17333732,3.4539285,255,1
4259,0.140984283,0.776022485,0.897122993,0.978495823,2.253069035,6.777000427,20.87392344,5.861054564,401.573417,0.999999437,51.40597724,6.303216292,255,0
4065,0.124350232,0.786305943,0.823066893,0.973885294,1.821069202,6.911857605,20.57177056,4.820231515,368.6260009,0.999999448,49.00494749,5.684841854,255,0
491,0.024882277,0.758610429,0.974370081,0.995593984,0.180046041,0.689609528,8.297860115,1.198740554,67.41146844,0.999994468,439.6278028,18.90709475,255,1
3719,0.125405149,0.700704561,0.914188373,0.981449449,2.09121887,5.694664001,17.50152236,5.459368602,281.6457315,0.99999933,65.36792146,6.862225265,255,0
4050,0.143109406,0.796547124,0.797833293,0.970479842,1.95980475,8.11082077,22.33571407,5.864374678,448.2063795,0.99999953,36.5848046,4.97996958,255,0
707,0.088597725,0.979410731,0.708393648,0.977545997,1.777995543,20.21476364,52.9380986,5.565824478,2399.283037,0.999999811,10.4539867,2.815269149,255,1
2871,0.033497432,0.276943531,0.986907239,0.996687032,0.086403744,0.339530945,5.776809458,0.800704429,33.23234467,0.999988765,805.8448239,24.96278559,255,1
3962,0.135266328,0.716978913,0.815161307,0.972289964,1.914807233,7.395877838,19.16937374,5.978595981,331.0674559,0.999999484,36.77527242,4.761547772,255,0
1227,0.024844056,0.990387136,0.679443953,0.988982617,2.170111917,19.8371048,40.60966094,6.313549835,1421.296155,0.999999808,4.370942715,1.759036296,255,1
3197,0.09562286,0.759488928,0.8476108,0.979549197,1.562280714,5.743904114,17.4474644,4.903453052,277.7693309,0.999999336,49.10271642,5.552169826,255,0
3148,0.071313907,0.585651487,0.935893692,0.987206681,1.37637857,3.668361664,12.41307904,4.15608285,140.177193,0.99999896,78.76106335,6.95890517,255,0
2984,0.053533207,0.993710749,0.522720137,0.982687898,2.732573772,45.23941803,73.33499453,7.982300853,4876.964851,0.999999916,2.449178537,1.115098352,255,0
4566,0.190014983,0.982138918,0.381813743,0.951755933,4.841160337,64.54693604,80.11775102,11.06709893,5436.106645,0.999999941,1.758485936,0.7040956,255,0
996,0.027657167,0.990559905,0.600953564,0.987143838,2.617633088,25.35488129,44.56226345,7.721356584,1798.609515,0.99999985,3.279988756,1.388591147,255,1
3402,0.114045682,0.717137963,0.887903547,0.980051406,1.733205776,5.339607239,17.4899876,4.755931268,280.3925343,0.999999286,70.56812756,6.879189098,255,0
3492,0.115505749,0.683076339,0.885796125,0.979554603,1.775638043,5.382843018,16.85713752,4.906923541,260.6016571,0.999999291,65.43131269,6.50348178,255,0
2032,0.033191659,0.983447519,0.778031357,0.988621422,2.041529042,14.20903397,36.1573114,5.393428729,1120.076384,0.999999732,8.681703783,2.631393463,255,1
3477,0.129441353,0.823003798,0.832764018,0.973766879,1.956071341,7.895641327,22.61651992,6.008324694,464.4021118,0.999999517,44.45801539,5.609313113,255,0
404,0.09505718,0.977480903,0.628837061,0.969736223,2.256131859,23.89979172,52.40077812,6.163832408,2428.5339,0.99999984,7.850807708,2.29571622,255,1
928,0.026311766,0.990248599,0.677229568,0.988105112,2.354383178,21.05673218,41.8632521,6.796322649,1538.340987,0.999999819,4.218576356,1.71257641,255,1
3016,0.056919643,0.754314174,0.880410455,0.986388301,1.01752758,3.668266296,13.75794695,3.442756048,174.1055977,0.99999896,52.20829745,5.762133608,255,0
4146,0.143376957,0.774739882,0.806969602,0.971792373,1.914241236,7.730571747,21.39194585,5.656441328,405.6493515,0.999999507,37.15628073,4.985373375,255,0
823,0.090784002,0.962643556,0.738206743,0.98934109,1.392464376,16.02486801,39.13650748,4.379085333,1196.302219,0.999999762,5.988102614,2.135939017,255,1
2097,0.22707467,0.967279329,0.592388569,0.954242892,2.667638247,32.25435638,65.73664477,7.030793672,3719.111749,0.999999882,5.420308296,1.92348839,255,1
573,0.116384846,0.98026919,0.645813415,0.977305588,2.025841528,27.8587532,61.86959701,6.456745183,3480.037199,0.999999863,7.261870286,2.244763386,255,1
1442,0.038206336,0.98948073,0.546480197,0.9827165,2.92029215,31.04696274,48.39881626,8.240357124,2040.77945,0.999999877,2.378155675,1.076324886,255,1
1578,0.06453339,0.486397846,0.952517369,0.991373803,0.304198163,1.29365921,9.81342303,1.869554468,94.12013207,0.999997051,122.605334,9.683999534,255,1
2224,0.132957742,0.99344782,0.349749166,0.970925702,3.747229134,105.0036545,112.9827778,10.96134232,10996.81244,0.999999964,1.285763663,0.335963408,255,1
2122,0.106416646,0.799173581,0.959022258,0.990699582,0.258925757,2.038742065,18.6524342,1.65391326,335.5253134,0.999998129,134.2433891,11.03959023,255,1
2430,0.23997829,0.968121128,0.488485386,0.954222884,3.130964036,38.46976471,69.43659706,8.326981415,4253.149927,0.999999901,5.344484277,1.827207563,255,1
349,0.065634173,0.95801287,0.939856636,0.992849285,0.368370146,4.865459442,31.85571028,1.79096464,887.3787109,0.999999216,52.37616695,7.026543321,255,1
343,0.108794031,0.931620466,0.757619639,0.984534007,1.328788309,12.73676682,34.19885872,4.281648978,995.2406405,0.9999997,11.55743705,2.811695089,255,1
3437,0.122102801,0.799519272,0.818229679,0.973669974,1.936449287,7.632606506,21.00822981,5.940631881,398.7953737,0.9999995,43.6250689,5.360535368,255,0
508,0.029522383,0.471119312,0.968378092,0.995408022,0.26763321,0.784557343,6.731176464,1.682767928,44.40928707,0.999995138,321.762384,14.21941108,255,1
2852,0.081144508,0.667713149,0.973667823,0.993624287,0.165145531,1.092147827,12.73807672,1.228916977,159.942468,0.999996507,244.9897079,14.6249799,255,1
2431,0.057278926,0.474852145,0.972509548,0.993698747,0.221317936,0.817977905,8.793273868,1.34203211,76.1593523,0.999995336,345.0478736,16.35637403,255,1
4468,0.127018102,0.737627637,0.901995505,0.978942752,2.411404814,6.788578033,18.73715089,6.473797158,327.066941,0.999999438,60.09673716,6.525301441,255,0
808,0.126941659,0.983164235,0.642063137,0.970788614,2.073301719,30.66444016,69.854611,6.439900684,3948.05343,0.999999876,6.918791502,2.270264292,255,1
316,0.063516695,0.37019892,0.984644885,0.995571379,0.098257553,0.507102966,8.205623869,0.872904098,66.76947659,0.999992478,541.5984749,21.51425184,255,1
2426,0.190053205,0.98914257,0.318846193,0.960530126,4.061001696,89.39138412,103.6186676,10.753279,9551.070082,0.999999957,1.580887761,0.567965775,255,1
622,0.18529079,0.979082261,0.48052673,0.955685444,3.120407057,43.33110428,74.94527575,8.3998786,4653.034272,0.999999912,4.506209361,1.636515591,255,1
1623,0.087703339,0.985447324,0.657991032,0.975587066,2.144804745,26.4147377,61.94507129,6.233513817,3232.141525,0.999999856,7.91569584,2.421978365,255,1
1850,0.044222419,0.990518649,0.513571953,0.982498892,2.960963346,35.91555786,55.83463336,8.206616809,2664.647186,0.999999894,2.412232689,1.083921692,255,1
3648,0.122530883,0.740506568,0.912690959,0.981444129,2.091454503,5.949890137,18.41515025,5.527375152,308.0206981,0.999999359,66.43238589,6.991021308,255,0
2251,0.03068432,0.984255677,0.773605225,0.988699904,1.955552291,13.89252472,35.58176966,5.126999177,1044.724687,0.999999725,8.643563717,2.627281236,255,1
1168,0.181797334,0.918959684,0.655119071,0.97500243,1.818281618,19.27471161,40.66131335,5.44040176,1325.44203,0.999999802,7.467908207,2.080807549,255,1
664,0.026533452,0.250500067,0.986567539,0.996548892,0.096328421,0.318496704,5.117255364,0.853201511,26.03221702,0.999988023,731.7141377,23.31160366,255,1
2965,0.058761925,0.666411695,0.932704175,0.988225856,1.094570773,2.993331909,12.18743276,3.32014673,135.6983613,0.999998726,102.8326543,8.056669587,255,0
2203,0.042731776,0.989099447,0.612743019,0.982928312,2.574009796,26.66889572,50.32602168,6.656022439,2021.361686,0.999999857,3.762512718,1.580797682,255,1
1027,0.08820022,0.955305529,0.678327313,0.985418437,1.679201823,17.80348969,38.45901889,5.406141194,1236.22243,0.999999786,5.384828614,1.887842625,255,1
753,0.029117233,0.25444518,0.9870152,0.99662342,0.091217442,0.311016083,5.294040175,0.849775617,27.86838641,0.999987735,858.6421649,25.47921816,255,1
2822,0.087321123,0.720821133,0.972868881,0.993277949,0.16831129,1.257526398,14.37784842,1.24752014,202.10677,0.999996967,215.3733575,13.89661773,255,1
1941,0.024087268,0.450045815,0.981114061,0.996027081,0.127671454,0.454750061,5.80822572,0.988177724,33.39830435,0.999991612,368.5054966,16.99402878,255,1
2108,0.023284614,0.799931925,0.942783956,0.992409058,1.177022073,3.047554016,11.00764914,3.23146707,102.5426727,0.999998748,51.15758114,6.000830527,255,1
126,0.021878058,0.335196416,0.988434119,0.997075045,0.077691744,0.270820618,4.918163966,0.769371501,24.11862747,0.999985915,1019.879755,27.54929953,255,1
1973,0.02988931,0.383155474,0.980938879,0.99582062,0.130729036,0.474216461,6.078409844,0.992626808,36.55531442,0.999991956,396.0269729,17.38099672,255,1
1440,0.031013026,0.991082688,0.641485026,0.986581343,2.312582644,23.6740799,47.3979089,6.367461018,1915.796834,0.999999839,4.239582104,1.715335387,255,1
4088,0.126773483,0.792016217,0.822751619,0.973830864,1.826116563,6.9650383,20.91502322,4.804228094,380.3613665,0.999999452,49.01028163,5.730916228,255,0
1502,0.128187683,0.980754729,0.678633306,0.977732673,1.796081478,27.47256851,65.76349332,5.850961959,3453.913586,0.999999861,7.653617898,2.394425069,255,1
3337,0.112555039,0.782472746,0.832061,0.975340769,1.800350573,6.893154144,19.59783166,5.61066362,348.6163637,0.999999447,45.04828091,5.415856991,255,0
3774,0.088697101,0.990517227,0.401999827,0.971637707,3.573786606,58.03665161,76.85190857,9.463387495,5140.450223,0.999999934,1.715608173,0.712424431,255,0
4499,0.126421844,0.697549906,0.908391076,0.97979523,2.40863622,6.517112732,17.59778428,6.485204808,288.8753333,0.999999415,64.04186061,6.632655432,255,0
3048,0.048839591,0.565119584,0.946899898,0.989959753,1.068862879,2.797809601,10.53443608,3.442549386,101.3680722,0.999998637,70.58558122,6.68535114,255,0
2519,0.022374939,0.248040349,0.992942729,0.998028956,0.04703356,0.18674469,4.541025328,0.411585105,20.49820739,0.999979573,1417.497502,33.88536236,255,1
2140,0.101723031,0.975100078,0.597646074,0.969994105,2.647715442,24.33945084,51.74068323,7.121856644,2271.893906,0.999999843,9.214557556,2.479680589,255,1
4266,0.132422639,0.735615556,0.88018177,0.977158707,2.006120274,6.320472717,19.17503156,5.27462882,330.30744,0.999999396,56.3281118,6.252730078,255,0
793,0.190855859,0.973928462,0.454453157,0.955957159,3.435996554,41.53435516,68.65963723,9.057923876,4359.78526,0.999999908,4.717659801,1.618354226,255,1
1484,0.031716304,0.99166396,0.550676895,0.986388324,2.963977756,31.87483215,49.56187891,8.266475038,2133.788416,0.99999988,2.395834663,1.078928289,255,1
2326,0.225576382,0.969516055,0.486239087,0.955303159,3.135726816,38.13269043,68.99743848,8.508431688,4268.11712,0.9999999,5.559350298,1.868283399,255,1
232,0.055283757,0.253522389,0.990742919,0.996989001,0.059634744,0.32226944,7.007482441,0.631847427,48.93229981,0.999988163,842.7423618,27.35682316,255,1
1230,0.040484344,0.990340812,0.643005682,0.983209559,2.56848977,26.39630508,51.68410868,6.759478268,2266.94801,0.999999855,4.137721514,1.689631419,255,1
3281,0.06872248,0.601011955,0.951105715,0.989628285,1.284348351,2.751754761,11.78771038,3.397558432,131.3198708,0.999998614,117.7393758,9.032426465,255,0
1818,0.041822101,0.628263389,0.925381445,0.991573106,0.56376062,1.917106628,9.556144393,2.46698276,84.08826776,0.99999801,113.0906279,8.15834893,255,1
562,0.129173801,0.98034669,0.633338053,0.972324332,2.15350841,29.30055618,64.66495949,6.736173902,3786.316091,0.99999987,6.946291579,2.215315045,255,1
1607,0.045009785,0.990801269,0.527271732,0.980885238,3.112018224,34.29125214,55.61701311,8.184108378,2672.418998,0.999999889,2.818066861,1.227918448,255,1
2659,0.155646098,0.982123476,0.58799805,0.972092267,2.271227277,37.41959,75.14278916,7.236933454,4855.106789,0.999999898,5.401866284,1.914448156,255,1
1320,0.034116622,0.513478676,0.955940729,0.993703538,0.367973192,1.141979218,7.5613389,1.832548502,54.16194719,0.99999666,227.4169808,11.6955706,255,1
25,0.033184014,0.217922397,0.988379348,0.996696155,0.075357819,0.308773041,5.508068749,0.691991007,30.21909185,0.999987646,723.2868448,23.94154318,255,1
935,0.11101853,0.976796291,0.691670546,0.973522461,1.911250656,21.68272018,55.34613304,5.750639037,2483.27614,0.999999824,9.924093241,2.74468179,255,1
1229,0.00316475,0.358547166,0.99194202,0.998417625,0.412278058,0.592041016,3.395393771,1.335522359,10.51998215,0.999993557,65.06805436,7.184840086,255,1
1980,0.109856592,0.986016556,0.613614694,0.973943691,2.290953926,33.46238327,70.88085453,6.713210715,3936.538156,0.999999886,5.921520701,2.040346073,255,1
428,0.094552654,0.977857499,0.632764436,0.969777056,2.225240548,23.83650589,52.77039011,6.113565272,2462.284752,0.99999984,8.044620595,2.332511623,255,1
1316,0.021962145,0.989176216,0.758791659,0.990836047,1.777249004,14.36166763,36.11964845,5.190671079,1180.988465,0.999999734,7.363398279,2.387407486,255,1
1643,0.030928938,0.986976297,0.658981447,0.986629439,2.412994008,20.90771484,40.41717374,6.846349607,1415.74068,0.999999818,4.002749396,1.643950732,255,1
819,0.136863992,0.91393501,0.734030947,0.983929445,1.438328008,13.79210281,34.42588778,4.606186459,991.6406791,0.999999723,8.894694049,2.455637456,255,1
453,0.041669215,0.399280404,0.982267857,0.995447782,0.11473173,0.486751556,6.977332878,0.964869052,48.26617271,0.999992163,452.2672652,19.20195349,255,1
4214,0.138859161,0.734432354,0.880564606,0.976799706,1.990702981,6.305660248,19.44583661,5.241533884,343.8848014,0.999999395,51.95610924,6.067629064,255,0
2366,0.094269814,0.994730218,0.368497769,0.976433329,3.8230938,84.62105179,104.7797379,9.775647242,8769.047049,0.999999955,1.653097709,0.65084439,255,1
2126,0.133515778,0.922012376,0.757672557,0.983798595,1.414583444,12.53528976,34.2034396,4.080506403,972.9710594,0.999999696,10.64607788,2.794135908,255,1
533,0.122355064,0.980678041,0.633007427,0.972220078,2.157429348,28.8257103,63.46629893,6.752051953,3651.340471,0.999999868,7.035747401,2.221018004,255,1
835,0.143300514,0.977208654,0.596928805,0.967748794,2.531754296,29.70861816,63.19469845,7.150488963,3474.72184,0.999999872,7.022407041,2.214609954,255,1
1872,0.012590203,0.657225414,0.965464023,0.995137254,0.810139628,2.019161224,7.579439911,2.753884071,49.39068946,0.999998111,31.50026503,4.713579732,255,1
1659,0.078170866,0.984567472,0.704660764,0.978735313,1.86338828,22.00465012,56.60924843,5.27312445,2595.620794,0.999999827,9.121238416,2.651479584,255,1
4251,0.139585372,0.741062429,0.831178827,0.973834154,1.792124258,6.942169189,19.90195018,5.331129108,352.6472638,0.999999451,43.01966339,5.340019387,255,0
1203,0.045086228,0.992267614,0.859908334,0.993701504,0.634587717,17.00078201,61.41399016,2.32609559,2961.540432,0.999999776,12.83195534,3.410637271,255,1
4268,0.141106592,0.722951592,0.824420954,0.973390692,1.784075176,6.909034729,19.51707775,5.304768501,338.7395063,0.999999448,40.56996594,5.127775063,255,0
3181,0.051882033,0.597668076,0.957945883,0.99121496,1.018397977,2.169124603,10.36720495,2.867956973,101.7236528,0.999998241,117.926628,9.144092028,255,0
3802,0.123952727,0.779248746,0.847564065,0.97526463,1.877485331,6.590560913,20.22599312,5.085381024,368.1370439,0.999999421,54.0286753,6.048109774,255,0
637,0.095202422,0.689413864,0.979276477,0.994478786,0.134579059,1.073890686,14.09188076,1.094143439,194.4780931,0.999996448,249.3437728,15.244564,255,1
1180,0.026250612,0.991238003,0.618659944,0.988262458,2.446458819,24.09427643,44.4897931,7.207553986,1805.241972,0.999999842,3.55536131,1.475205224,255,1
3658,0.125183464,0.738807263,0.913701937,0.981490569,2.095731582,5.966876984,18.55726333,5.529676314,313.270359,0.999999361,66.2927702,7.005030501,255,0
128,0.105361729,0.981510913,0.590067047,0.972354199,2.377046064,29.82455826,60.517625,7.335046056,3445.482312,0.999999872,6.571198541,2.05691339,255,1
2471,0.080945756,0.97321966,0.819107391,0.984242071,1.16508075,13.06406784,44.18769869,3.699621608,1775.897658,0.999999708,16.5275568,3.6727335,255,1
4419,0.14175636,0.79472008,0.83290096,0.972596347,1.819672961,7.388996124,22.03255567,5.392777331,437.7200652,0.999999484,43.51844404,5.543854235,255,0
1076,0.098741744,0.980941099,0.69054701,0.977435391,1.889202313,23.54690933,57.53523943,5.584077607,2643.966655,0.999999838,7.943745204,2.436525692,255,1
2337,0.055283757,0.708061825,0.966149455,0.993044283,0.26009202,1.122699738,11.45986176,1.467547896,127.1731733,0.999996602,292.6621736,15.53235847,255,1
2792,0.065733549,0.983228624,0.736532014,0.980127854,1.588364639,18.62359238,50.25204022,4.780560567,2275.167997,0.999999795,10.55552287,2.824219526,255,1
2724,0,,1,1,0,0,0,0,0,0,,,0,1
1275,0.030386191,0.988860839,0.558173743,0.986037322,2.651985427,27.16932297,44.28805325,7.862535991,1715.681255,0.99999986,2.629317553,1.173421,255,1
2253,0.092297578,0.97796072,0.63029309,0.975636618,2.302313528,23.91859055,51.93552949,6.274937684,2217.888265,0.999999841,6.610275681,2.134742242,255,1
3538,0.119519019,0.734428961,0.914969518,0.981573346,1.992879438,5.67117691,17.974218,5.349616123,293.4013214,0.999999327,69.84917181,7.133608264,255,0
1108,0.036945022,0.990735412,0.645299895,0.984178159,2.499181143,25.31518936,49.61956513,6.746392627,2106.27965,0.999999849,4.150792301,1.688368944,255,1
177,0.092152336,0.979937774,0.708437865,0.977041117,1.749348673,21.01187515,54.23187903,5.647927749,2648.942932,0.999999818,10.079129,2.747879554,255,1
4300,0.136940435,0.747709862,0.898709283,0.978979604,2.255112638,6.601028442,19.62717152,5.976564154,355.0426749,0.999999422,56.603828,6.465196786,255,0
2536,0.195098459,0.906128678,0.675955404,0.977157379,1.716388601,17.75283813,39.24932267,5.17607122,1245.184046,0.999999785,8.51537925,2.253503507,255,1
1193,0.117860201,0.98400529,0.630091996,0.971431429,2.172067853,31.41963959,68.59972043,6.648300796,3879.455079,0.999999879,6.362344351,2.128821514,255,1
3315,0.072422334,0.991613142,0.462830363,0.977783999,3.112167741,49.66621399,73.85575551,8.60294574,4850.557435,0.999999923,2.140122926,0.95826971,255,0
4178,0.146962145,0.758672051,0.809950129,0.971762788,1.879824889,7.587806702,21.03607756,5.591963267,389.8694314,0.999999497,38.0392956,5.021247975,255,0
3114,0.058043359,0.993357671,0.497636815,0.981365684,2.893947469,47.29441452,74.19436787,8.196024579,4925.418356,0.999999919,2.380938113,1.065964708,255,0
3751,0.128653987,0.780358083,0.899664526,0.980048553,1.905950417,5.670818329,20.14378333,4.924140004,373.5614831,0.999999327,71.22947863,7.337023565,255,0
2164,0.029874022,0.99249275,0.569789897,0.98817958,2.799991508,30.7638092,49.87945009,7.809463039,2081.459382,0.999999876,2.623477552,1.175075924,255,1
2793,0.053693738,0.548251184,0.973032306,0.995484329,0.172270239,0.767345428,9.128526739,1.243983081,82.50478515,0.999995029,432.1660388,18.57381608,255,1
3077,0.070969912,0.757592845,0.867519685,0.983041056,1.197226641,4.420349121,15.20309575,3.960071353,210.3893782,0.999999137,52.69214132,5.769988424,255,0
3534,0.076848398,0.99156872,0.429148052,0.976038991,3.35529565,53.81767273,75.68666807,9.081696227,5054.804597,0.999999929,1.944532506,0.8482039,255,0
1618,0.081113931,0.984330721,0.704486321,0.977779422,1.866504258,22.29029465,57.20863027,5.275538818,2649.850487,0.999999829,8.982908017,2.632430131,255,1
1485,0.04234956,0.989262098,0.631578175,0.982335558,2.578604983,25.66704559,49.62275837,6.678978978,2005.220614,0.999999851,4.077410846,1.667125157,255,1
2729,0.143369313,0.923786846,0.702699403,0.981689981,1.578291256,16.02377701,37.52095813,4.870139738,1152.727508,0.999999762,9.706056974,2.441503727,255,1
3988,0.134975844,0.743081347,0.906168378,0.97997626,2.274289278,6.423473358,19.27699495,5.816219632,338.6279724,0.999999406,58.31830021,6.605878109,255,0
3086,0.070557118,0.754386373,0.867915535,0.982665051,1.216312012,4.482002258,15.12184691,4.038550842,207.6108836,0.999999149,51.62285012,5.677231712,255,0
827,0.031349376,0.354232692,0.985580663,0.99656829,0.105860755,0.375518799,5.940645988,0.825901779,34.96662374,0.999989842,809.3662544,24.80142804,255,1
3748,0.122569105,0.65045835,0.909360878,0.980612254,2.116745348,5.688304901,16.44251116,5.553159079,246.3339789,0.999999329,59.45553866,6.387100275,255,0
2157,0.034674658,0.986800034,0.652754052,0.986014134,2.41405155,21.16734314,41.2689961,6.536369605,1415.921679,0.99999982,4.435651065,1.725566917,255,1
4215,0.138859161,0.734432354,0.880564606,0.976799706,1.990702981,6.305660248,19.44583661,5.241533884,343.8848014,0.999999395,51.95610924,6.067629064,255,0
3396,0.11520762,0.803437781,0.825524492,0.97446972,1.8765825,7.395252228,20.67366489,5.817850271,386.0394247,0.999999484,44.32029854,5.419883513,255,0
1074,0.033076994,0.991346233,0.528785688,0.985733779,2.938017735,31.68047333,49.61466568,8.056506525,2088.903708,0.99999988,2.694506142,1.147966627,255,1
3257,0.099116316,0.763407223,0.838545241,0.977431787,1.662452243,6.286109924,18.00297195,5.291974839,293.6189329,0.999999393,47.63345535,5.405017102,255,0
2377,0.08305559,0.553967633,0.972411278,0.993497328,0.198041461,0.994125366,11.17191136,1.326422316,123.4879363,0.999996163,271.8530974,15.1734414,255,1
441,0,,1,1,0,0,0,0,0,0,,,0,1
2424,0.01318646,0.154392916,0.997128015,0.999085725,0.019706064,0.081291199,3.252674871,0.227407692,10.55905587,0.999953076,3366.629355,53.70720002,255,1
2229,0.032870597,0.987594732,0.640464201,0.987319658,2.408115449,21.36083603,41.87888444,6.44316444,1458.408892,0.999999821,4.546689615,1.744364958,255,1
994,0.192063662,0.970190751,0.455949889,0.955931778,3.397099658,38.68251801,64.54923998,9.019418944,3875.902287,0.999999901,5.114231749,1.686318974,255,1
189,0.052455357,0.892990855,0.962052019,0.993840185,0.26717553,1.944038391,17.72953423,1.495852797,297.9503332,0.999998038,142.487329,11.31336027,255,1
3968,0.124105614,0.790269148,0.829359325,0.9741272,1.834346951,6.905925751,20.74401521,4.969637388,375.3436008,0.999999448,52.68895493,5.925350874,255,0
1960,0.197926859,0.920045936,0.67083175,0.974841985,1.76081246,18.77471161,42.04022012,5.153096393,1404.757036,0.999999797,9.593364936,2.413345674,255,1
1746,0.110659247,0.983293424,0.522845506,0.965860705,3.038621173,36.76414108,65.27177166,7.935318784,3755.609814,0.999999896,4.593299998,1.637543495,255,1
3603,0.117844912,0.735232958,0.865939713,0.977054681,1.842944099,5.947330475,18.32051216,5.063151727,307.0025371,0.999999359,61.8393506,6.37322582,255,0
4325,0.132804856,0.746492261,0.898902998,0.978998692,2.275307576,6.650978088,19.321019,6.113046371,342.7200769,0.999999426,58.632374,6.521959797,255,0
2484,0.074547456,0.584796763,0.978689309,0.994728728,0.15617289,0.810153961,10.92044934,1.117718706,117.9531158,0.999995291,369.0497011,18.08754605,255,1
1144,0.027045621,0.348966124,0.977730277,0.995141021,0.150443412,0.506645203,5.762696032,1.04120922,32.73619729,0.999992471,228.2873099,13.93289765,255,1
2742,0.058975966,0.982380753,0.779320213,0.983193201,1.365109092,15.58761597,46.29973249,4.25094031,1945.887034,0.999999755,12.59782328,3.133946726,255,1
567,0.092312867,0.719068669,0.967751663,0.992224106,0.208175198,1.419078827,14.47645544,1.38347245,203.7052604,0.999997312,164.1270099,12.15453466,255,1